<?xml version="1.0" encoding="UTF-8"?>
<!DOCTYPE mapper PUBLIC "-//mybatis.org//DTD Mapper 3.0//EN" "http://mybatis.org/dtd/mybatis-3-mapper.dtd">
<mapper namespace="com.jso.dao.BoardMapper">


	<!-- 자유게시판 조회 -->
	<select id="getAllFree"
		resultType="com.movie.dao.Freeboard">
		select * from board_free_info order by f_no desc
	</select>

	<!-- 자유게시판 상세내용 조회 -->
	<select id="getFreeDetail"
		parameterType="com.movie.dao.Freeboard"
		resultType="com.movie.dao.Freeboard">
		select * from board_free_info where f_no = #{f_no}
	</select>

	<!-- 자유게시판 글쓰기 -->
	<insert id="writeFreeboard"
		parameterType="com.movie.dao.Freeboard">
		insert into BOARD_FREE_INFO values(
		BOARD_FREE_SEQ.NEXTVAL,
		#{f_title},
		#{f_writer},
		sysdate,
		#{f_detail}
		)
	</insert>

	<!-- 자유게시판 게시글 수 카운트 -->
	<select id="getFreeboardCount"
		parameterType="com.movie.dao.Freeboard" resultType="int">
		select count(f_no) from board_free_info
	</select>
	


</mapper>